{
  "AB": "Aberdeen",
  "AL": "St albans",
  "B": "Birmingham",
  "BA": "Bath",
  "BB": "Blackburn",
  "BD": "Bradford",
  "BH": "Bristol",
  "BL": "Manchester",
  "BN": "Brighton and hove",
  "BR": "London",
  "BS": "Bristol",
  "BT": "Belfast",
  "CA": "Carlisle",
  "CB": "Cambridge",
  "CF": "Cardiff",
  "CH": "Chester",
  "CM": "Chelmsford",
  "CO": "Colchester",
  "CR": "London",
  "CT": "Canterbury",
  "CV": "Coventry",
  "CW": "Manchester",
  "DA": "London",
  "DD": "Dundee",
  "DE": "Derby",
  "DG": "Dumfries",
  "DH": "Durham",
  "DL": "Durham",
  "DN": "Doncaster",
  "DT": "Bath",
  "DY": "Birmingham",
  "E": "London",
  "EC": "London",
  "EH": "Edinburgh",
  "EN": "London",
  "EX": "Exeter",
  "FK": "Stirling",
  "FY": "Preston",
  "G": "Glasgow",
  "GL": "Gloucester",
  "GU": "Guildford",
  "GY": "Portsmouth",
  "HA": "London",
  "HD": "Leeds",
  "HG": "York",
  "HP": "London",
  "HR": "Hereford",
  "HS": "Inverness",
  "HU": "Kingston upon hull",
  "HX": "Leeds",
  "IG": "London",
  "IM": "Liverpool",
  "IP": "Cambridge",
  "IV": "Inverness",
  "JE": "Portsmouth",
  "KA": "Glasgow",
  "KT": "London",
  "KW": "Inverness",
  "KY": "Dunfermline",
  "L": "Liverpool",
  "LA": "Lancaster",
  "LD": "Cardiff",
  "LE": "Leicester",
  "LL": "Wrexham",
  "LN": "Lincoln",
  "LS": "Leeds",
  "LU": "Milton keynes",
  "M": "Manchester",
  "ME": "Canterbury",
  "MK": "Milton keynes",
  "ML": "Glasgow",
  "N": "London",
  "NE": "Newcastle upon tyne",
  "NG": "Nottingham",
  "NN": "Nottingham",
  "NP": "Newport",
  "NR": "Norwich",
  "NW": "London",
  "OL": "Manchester",
  "OX": "Oxford",
  "PA": "Glasgow",
  "PE": "Peterborough",
  "PH": "Perth",
  "PL": "Plymouth",
  "PO": "Portsmouth",
  "PR": "Preston",
  "RG": "Reading",
  "RH": "Brighton and hove",
  "RM": "London",
  "S": "Sheffield",
  "SA": "Cardiff",
  "SE": "London",
  "SG": "Cambridge",
  "SK": "Manchester",
  "SL": "London",
  "SM": "London",
  "SN": "Bath",
  "SO": "Southampton",
  "SP": "Salisbury",
  "SR": "Sunderland",
  "SS": "Southend on sea",
  "ST": "Stoke on trent",
  "SW": "London",
  "SY": "Birmingham",
  "TA": "Exeter",
  "TD": "Edinburgh",
  "TF": "Birmingham",
  "TN": "Canterbury",
  "TQ": "Exeter",
  "TR": "Truro",
  "TS": "Middlesbrough",
  "TW": "London",
  "UB": "London",
  "W": "London",
  "WA": "Manchester",
  "WC": "London",
  "WD": "London",
  "WF": "Wakefield",
  "WN": "Manchester",
  "WR": "Worcester",
  "WS": "Lichfield",
  "WV": "Wolverhampton",
  "YO": "York",
  "ZE": "Aberdeen"
}
